"baronKills","dragonKills","firstBaron","firstBlood","firstDragon","firstInhibitor","firstTower","inhibitorKills","towerKills","winner","_match_id"
0,0,0,0,0,0,0,0,1,0,1994848148
1,2,1,1,1,1,1,1,9,1,1994848148
0,1,0,1,1,0,1,0,3,0,1992805309
1,1,1,0,0,0,0,0,4,1,1992805309
0,0,0,0,0,0,0,0,3,0,1992265535
1,2,1,1,1,1,1,2,10,1,1992265535
1,3,1,1,0,1,0,4,11,1,1996215339
1,2,0,0,1,0,1,0,3,0,1996215339
1,3,1,0,1,1,0,1,9,1,1996152773
0,0,0,1,0,0,1,0,3,0,1996152773
1,0,1,1,0,1,1,1,8,1,1996085700
0,2,0,0,1,0,0,0,2,0,1996085700
1,1,1,0,0,1,1,1,9,1,1996072813
1,2,0,1,1,0,0,0,3,0,1996072813
0,2,0,0,1,1,1,1,7,1,1996033370
0,0,0,1,0,0,0,0,0,0,1996033370
2,3,1,0,1,1,1,2,7,0,1995968686
0,2,0,1,0,0,0,4,11,1,1995968686
0,1,0,1,1,0,0,0,3,0,1995927310
1,2,1,0,0,1,1,1,8,1,1995927310
1,3,1,1,1,1,0,1,10,1,1995377927
0,0,0,0,0,0,1,0,3,0,1995377927
1,4,1,1,1,1,1,1,8,1,1995353882
0,0,0,0,0,0,0,0,3,0,1995353882
0,0,0,1,0,0,0,0,2,0,1994478579
1,2,1,0,1,0,1,0,4,1,1994478579
0,0,0,0,0,0,0,0,0,0,1994462442
0,2,0,1,1,1,1,1,6,1,1994462442
0,1,0,1,1,0,0,0,1,0,1994430632
0,1,0,0,0,0,1,0,6,1,1994430632
0,0,0,0,0,0,0,0,0,0,1994367557
0,2,0,1,1,0,1,0,5,1,1994367557
0,1,0,1,1,0,1,0,2,0,1994390849
0,1,0,0,0,0,0,0,6,1,1994390849
0,1,0,0,0,1,1,1,6,0,1994326906
2,3,1,1,1,0,0,1,7,1,1994326906
1,2,1,1,1,1,0,1,10,1,1992322023
0,0,0,0,0,0,1,0,4,0,1992322023
0,2,0,0,1,1,0,1,5,0,1991723097
2,2,1,1,0,0,1,1,9,1,1991723097
0,3,0,0,1,0,0,0,3,0,1991675486
2,1,1,1,0,1,1,1,8,1,1991675486
0,2,0,0,1,0,0,0,2,0,1991647243
0,0,0,1,0,0,1,0,4,1,1991647243
0,1,0,1,0,1,1,4,11,1,1991608745
0,1,0,0,1,0,0,0,0,0,1991608745
0,1,0,0,1,1,1,1,8,1,1991592170
0,0,0,1,0,0,0,0,0,0,1991592170
0,4,0,1,1,1,0,3,8,1,1991550946
1,0,1,0,0,0,1,0,3,0,1991550946
0,1,0,1,1,1,1,2,8,1,1992446036
0,0,0,0,0,0,0,0,0,0,1992446036
1,1,1,1,0,1,1,3,10,1,1992415850
0,2,0,0,1,0,0,0,1,0,1992415850
0,1,0,0,0,0,0,0,3,0,1991214472
1,2,1,1,1,1,1,1,10,1,1991214472
1,2,0,1,0,0,0,2,6,0,1990553058
2,4,1,0,1,1,1,4,9,1,1990553058
0,1,0,0,0,0,0,0,2,0,1991184421
1,2,1,1,1,1,1,1,8,1,1991184421
2,2,1,0,1,1,0,2,9,1,1993674616
0,1,0,1,0,0,1,0,2,0,1993674616
1,2,1,1,1,1,0,1,9,1,1993672411
0,0,0,0,0,0,1,0,1,0,1993672411
1,0,1,1,0,1,0,3,9,1,1993577396
1,4,0,0,1,0,1,1,6,0,1993577396
0,0,0,1,0,0,0,0,4,0,1991079289
1,3,1,0,1,0,1,0,7,1,1991079289
0,1,0,1,1,0,1,0,5,1,1996619985
0,0,0,0,0,0,0,0,1,0,1996619985
0,0,0,0,0,0,1,0,6,0,1996573893
2,3,1,1,1,1,0,2,10,1,1996573893
0,4,0,1,1,0,0,0,4,0,1996519082
2,0,1,0,0,1,1,2,10,1,1996519082
0,1,0,1,1,1,1,2,10,1,1995594931
0,0,0,0,0,0,0,0,0,0,1995594931
0,1,0,0,0,1,0,1,7,1,1995586199
1,2,1,1,1,0,1,0,3,0,1995586199
0,0,0,0,0,0,0,0,0,0,1995575666
0,2,0,1,1,0,1,0,5,1,1995575666
1,3,1,1,1,1,1,2,10,1,1995571394
0,0,0,0,0,0,0,0,4,0,1995571394
1,3,1,0,1,0,0,0,3,0,1995524995
1,1,0,1,0,1,1,1,9,1,1995524995
0,0,0,1,0,0,1,0,5,0,1995480650
1,3,1,0,1,1,0,2,9,1,1995480650
1,0,1,0,0,0,0,0,4,1,1995460058
0,3,0,1,1,0,1,0,3,0,1995460058
1,1,1,0,1,1,0,2,9,1,1995368839
0,1,0,1,0,0,1,0,3,0,1995368839
0,1,0,1,1,0,1,0,5,1,1995359088
0,0,0,0,0,0,0,0,1,0,1995359088
1,1,1,1,0,0,0,0,4,1,1995320965
0,1,0,0,1,0,1,0,3,0,1995320965
1,2,0,1,1,1,1,1,9,1,1994583012
1,1,1,0,0,0,0,0,3,0,1994583012
0,1,0,1,0,0,0,0,4,0,1994579822
2,3,1,0,1,1,1,4,11,1,1994579822
0,0,0,1,0,1,1,1,6,1,1994548123
0,0,0,0,0,0,0,0,3,0,1994548123
0,0,0,0,0,0,0,0,5,0,1994560241
1,5,1,1,1,1,1,1,7,1,1994560241
0,1,0,1,0,0,0,0,4,0,1994528404
1,2,1,0,1,1,1,1,5,1,1994528404
0,0,0,1,0,0,0,0,3,0,1994498621
1,3,1,0,1,1,1,2,10,1,1994498621
2,3,1,1,0,0,1,1,9,1,1994478710
0,1,0,0,1,1,0,1,5,0,1994478710
0,0,0,0,0,0,0,0,1,0,1994447367
1,2,1,1,1,0,1,0,4,1,1994447367
0,0,0,0,0,0,1,0,4,0,1994413729
1,2,1,1,1,0,0,0,6,1,1994413729
0,2,0,0,1,0,1,0,4,0,1994343102
2,2,1,1,0,1,0,3,8,1,1994343102
1,2,0,1,0,1,1,3,11,1,1994281705
1,2,1,0,1,0,0,0,5,0,1994281705
1,2,1,1,1,1,0,1,8,1,1993632048
0,0,0,0,0,0,1,0,3,0,1993632048
0,1,0,0,0,0,0,0,1,0,1993599253
1,2,1,1,1,1,1,1,7,1,1993599253
1,1,1,1,0,1,0,1,8,1,1993550141
1,2,0,0,1,0,1,0,4,0,1993550141
2,1,1,1,0,1,0,2,10,1,1993501762
0,2,0,0,1,0,1,0,4,0,1993501762
0,2,0,1,0,0,1,0,3,0,1992721294
2,1,1,0,1,1,0,1,9,1,1992721294
0,0,0,1,0,0,1,0,3,0,1992695668
1,3,1,0,1,1,0,2,10,1,1992695668
0,0,0,0,0,0,0,0,3,0,1992690744
1,3,1,1,1,1,1,2,10,1,1992690744
1,0,1,0,0,1,1,1,5,0,1992679996
1,4,0,1,1,0,0,2,10,1,1992679996
0,0,0,0,0,0,0,0,2,0,1992649936
0,2,0,1,1,0,1,0,4,1,1992649936
0,0,0,1,0,0,0,0,3,0,1992582675
1,2,1,0,1,1,1,1,8,1,1992582675
1,2,1,1,1,1,0,1,5,1,1992527799
0,1,0,0,0,0,1,0,4,0,1992527799
0,0,0,0,0,0,0,0,2,0,1991920025
0,2,0,1,1,1,1,2,10,1,1991920025
0,0,0,0,0,0,0,0,1,0,1991882734
0,2,0,1,1,0,1,0,6,1,1991882734
0,1,0,0,1,0,0,0,1,0,1991789646
0,1,0,1,0,0,1,0,6,1,1991789646
0,1,0,1,0,1,1,2,10,1,1991785827
1,1,1,0,1,0,0,0,2,0,1991785827
0,1,0,0,0,0,0,0,6,0,1991738574
1,2,1,1,1,1,1,2,9,1,1991738574
1,0,1,1,0,0,1,0,7,0,1991711466
1,5,0,0,1,1,0,1,7,1,1991711466
0,0,0,1,0,0,0,0,2,0,1991654702
1,2,1,0,1,1,1,1,9,1,1991654702
0,0,0,0,0,0,0,0,4,0,1991605779
1,3,1,1,1,1,1,1,8,1,1991605779
0,1,0,0,0,0,0,0,3,0,1991549306
1,2,1,1,1,1,1,1,8,1,1991549306
0,2,0,1,1,1,1,1,6,1,1991517432
0,0,0,0,0,0,0,0,1,0,1991517432
2,2,1,0,0,0,0,2,7,1,1991447396
0,2,0,1,1,1,1,1,5,0,1991447396
2,1,1,0,1,1,1,2,8,1,1991111350
0,1,0,1,0,0,0,0,3,0,1991111350
0,0,0,0,0,0,0,0,0,0,1991059313
0,1,0,1,1,1,1,1,7,1,1991059313
1,2,1,0,1,1,1,2,9,1,1991032905
0,0,0,1,0,0,0,0,3,0,1991032905
2,2,1,0,0,1,1,1,8,0,1990969571
0,2,0,1,1,0,0,1,8,1,1990969571
0,0,0,0,0,0,1,0,3,0,1990933078
2,3,1,1,1,1,0,1,10,1,1990933078
1,1,1,0,0,1,0,1,6,0,1990869310
1,3,0,1,1,0,1,1,8,1,1990869310
1,2,1,1,1,1,1,2,10,1,1989902895
0,1,0,0,0,0,0,0,2,0,1989902895
0,0,0,0,0,0,0,0,1,0,1989836940
1,3,1,1,1,1,1,3,10,1,1989836940
1,2,1,1,0,1,1,4,11,1,1989756187
1,2,0,0,1,0,0,0,3,0,1989756187
0,2,0,1,1,0,0,0,4,0,1989688978
1,1,1,0,0,1,1,4,10,1,1989688978
1,2,1,0,1,1,1,2,7,1,1989654839
0,0,0,1,0,0,0,0,2,0,1989654839
1,2,1,1,1,1,1,2,8,1,1989608360
0,0,0,0,0,0,0,0,2,0,1989608360
0,2,0,0,1,0,1,0,1,0,1989555250
2,3,1,1,0,1,0,3,11,1,1989555250
2,3,1,1,1,1,0,2,8,1,1993341161
0,1,0,0,0,0,1,0,5,0,1993341161
0,1,0,1,0,0,0,0,2,0,1990960109
1,1,1,0,1,1,1,3,11,1,1990960109
0,0,0,1,0,0,1,0,2,0,1994682021
1,2,1,0,1,1,0,2,10,1,1994682021
1,3,1,1,1,1,0,2,8,1,1995878185
0,0,0,0,0,0,1,0,4,0,1995878185
1,1,1,1,1,0,0,0,4,1,1992054267
0,0,0,0,0,0,1,0,2,0,1992054267
1,2,1,1,1,1,0,3,11,1,1996622840
0,1,0,0,0,0,1,0,3,0,1996622840
0,1,0,1,1,0,0,0,1,0,1996513484
0,1,0,0,0,0,1,0,5,1,1996513484
2,1,1,1,0,1,0,2,10,1,1996114486
0,2,0,0,1,0,1,0,3,0,1996114486
0,0,0,1,0,0,0,0,0,0,1996090912
1,2,1,0,1,0,1,0,6,1,1996090912
1,3,0,1,0,0,1,0,5,0,1995993464
1,1,1,0,1,1,0,2,10,1,1995993464
0,0,0,0,0,0,1,0,2,0,1995981257
1,1,1,1,1,1,0,1,7,1,1995981257
0,0,0,0,0,0,0,0,1,0,1995262624
1,3,1,1,1,1,1,2,7,1,1995262624
0,0,0,0,0,0,0,0,5,0,1994748613
1,3,1,1,1,1,1,2,10,1,1994748613
1,1,1,0,0,0,0,0,3,0,1994738236
0,2,0,1,1,1,1,1,9,1,1994738236
1,2,1,1,1,1,1,1,8,1,1994720312
0,0,0,0,0,0,0,0,3,0,1994720312
0,0,0,0,0,0,0,0,3,0,1994048540
1,1,1,1,1,1,1,4,11,1,1994048540
1,0,1,1,0,1,1,3,11,1,1994034985
0,3,0,0,1,0,0,0,3,0,1994034985
2,3,1,1,0,1,0,5,9,0,1993625910
1,2,0,0,1,0,1,1,8,1,1993625910
0,0,0,0,0,0,0,0,0,0,1993599896
0,1,0,1,1,1,1,1,9,1,1993599896
1,2,0,0,1,1,1,3,7,0,1993546846
1,4,1,1,0,0,0,2,8,1,1993546846
2,2,1,0,1,1,0,3,8,0,1992954022
1,4,0,1,0,0,1,1,8,1,1992954022
0,1,0,0,0,0,0,0,1,0,1992914620
1,2,1,1,1,0,1,0,6,1,1992914620
0,1,0,0,0,0,0,0,1,0,1992891234
1,3,1,1,1,1,1,3,10,1,1992891234
2,3,1,0,0,1,1,1,9,1,1992854158
0,1,0,1,1,0,0,0,4,0,1992854158
0,0,0,1,0,0,0,0,2,0,1992845624
1,2,1,0,1,1,1,2,9,1,1992845624
0,2,0,1,1,1,1,2,8,1,1991676372
0,0,0,0,0,0,0,0,2,0,1991676372
0,1,0,1,1,1,1,1,7,1,1991645193
0,0,0,0,0,0,0,0,0,0,1991645193
1,2,0,0,0,1,0,1,6,1,1991578693
1,3,1,1,1,0,1,0,3,0,1991578693
0,0,0,0,0,0,0,0,1,0,1991545217
1,2,1,1,1,1,1,2,10,1,1991545217
0,1,0,0,0,0,0,0,3,0,1991311610
1,2,1,1,1,1,1,1,9,1,1991311610
0,2,0,1,1,0,0,0,4,0,1991291849
0,0,0,0,0,1,1,1,8,1,1991291849
1,2,1,1,1,1,0,1,7,1,1992466714
0,1,0,0,0,0,1,1,6,0,1992466714
0,1,0,0,1,0,0,0,0,0,1992446333
0,0,0,1,0,1,1,1,8,1,1992446333
0,3,0,1,1,0,1,0,5,0,1992395257
2,0,1,0,0,1,0,2,10,1,1992395257
1,2,1,1,0,1,1,1,10,1,1992355242
0,2,0,0,1,0,0,0,2,0,1992355242
1,2,1,1,1,1,1,4,11,1,1992286238
0,0,0,0,0,0,0,0,2,0,1992286238
1,2,1,0,1,1,1,1,8,1,1991726885
0,0,0,1,0,0,0,0,2,0,1991726885
0,2,0,1,1,0,1,0,3,0,1991127249
1,1,1,0,0,1,0,2,9,1,1991127249
0,2,0,1,0,0,1,0,4,0,1991117157
2,1,1,0,1,1,0,3,9,1,1991117157
0,2,0,0,1,0,0,0,3,0,1990029935
2,2,1,1,0,1,1,3,11,1,1990029935
1,1,1,0,0,0,1,0,5,1,1989998345
0,1,0,1,1,0,0,0,2,0,1989998345
0,1,0,0,0,0,0,0,3,0,1989983003
2,3,1,1,1,1,1,1,9,1,1989983003
0,1,0,1,0,0,0,0,5,0,1989963522
2,3,1,0,1,1,1,1,9,1,1989963522
0,0,0,0,0,0,0,0,3,0,1989950030
0,1,0,1,1,1,1,1,5,1,1989950030
0,1,0,0,0,0,1,0,5,0,1989913314
2,3,1,1,1,1,0,1,7,1,1989913314
1,3,1,1,1,1,1,2,10,1,1989870704
0,1,0,0,0,0,0,0,5,0,1989870704
1,2,1,1,0,1,1,2,8,1,1989832539
0,1,0,0,1,0,0,0,3,0,1989832539
1,3,1,0,1,1,1,3,11,1,1996601300
0,0,0,1,0,0,0,0,2,0,1996601300
2,2,1,0,0,1,1,1,9,1,1996557134
0,1,0,1,1,0,0,0,4,0,1996557134
1,5,1,0,1,0,0,0,4,0,1994915122
1,0,0,1,0,1,1,2,9,1,1994915122
0,0,0,0,0,0,0,0,5,0,1994891077
2,5,1,1,1,1,1,1,10,1,1994891077
1,0,0,0,0,1,1,3,8,1,1994734560
1,4,1,1,1,0,0,0,3,0,1994734560
1,1,1,1,0,1,1,1,9,1,1994305428
0,1,0,0,1,0,0,0,2,0,1994305428
2,3,0,1,0,1,1,4,8,1,1994212067
1,2,1,0,1,0,0,0,6,0,1994212067
1,1,1,1,0,1,0,2,9,1,1992508294
0,2,0,0,1,0,1,0,4,0,1992508294
0,3,0,1,1,1,1,2,9,0,1992381168
2,2,1,0,0,0,0,2,10,1,1992381168
0,0,0,0,0,0,0,0,1,0,1989869303
0,1,0,1,1,1,1,1,8,1,1989869303
0,2,0,1,1,1,0,3,11,1,1996134850
0,0,0,0,0,0,1,0,3,0,1996134850
0,1,0,1,0,0,0,0,4,0,1996036212
1,3,1,0,1,1,1,3,7,1,1996036212
1,2,0,1,0,1,0,2,9,1,1995928719
1,2,1,0,1,0,1,0,8,0,1995928719
0,2,0,1,1,0,1,0,5,0,1994556351
1,2,1,0,0,1,0,2,10,1,1994556351
0,0,0,0,0,0,0,0,0,0,1994552160
0,2,0,1,1,1,1,2,10,1,1994552160
0,0,0,0,0,0,1,0,1,0,1994508452
0,0,0,1,0,1,0,1,8,1,1994508452
2,1,1,0,0,1,1,3,10,1,1993452479
0,4,0,1,1,0,0,0,2,0,1993452479
0,0,0,1,0,0,0,0,2,0,1993394838
1,2,1,0,1,1,1,1,6,1,1993394838
0,1,0,1,1,0,1,0,3,0,1993275901
1,2,1,0,0,1,0,1,9,1,1993275901
2,2,1,0,0,0,1,2,10,1,1992916208
0,1,0,1,1,1,0,1,6,0,1992916208
1,3,1,1,1,1,1,1,7,1,1992905812
0,0,0,0,0,0,0,0,4,0,1992905812
0,1,0,0,1,0,1,0,4,0,1992482935
1,2,1,1,0,1,0,2,9,1,1992482935
0,2,0,0,1,1,1,1,7,1,1995972486
0,0,0,1,0,0,0,0,1,0,1995972486
0,0,0,0,0,0,0,0,3,0,1995941618
1,4,1,1,1,1,1,2,8,1,1995941618
2,0,1,0,0,0,0,2,10,1,1995906439
0,4,0,1,1,1,1,1,9,0,1995906439
0,0,0,1,0,0,1,0,1,0,1991479948
0,2,0,0,1,0,0,0,4,1,1991479948
0,0,0,0,0,0,0,0,1,0,1990911879
1,1,1,1,1,1,1,2,10,1,1990911879
1,2,0,1,1,1,1,2,10,1,1990279783
1,3,1,0,0,0,0,1,8,0,1990279783
0,0,0,0,0,0,0,0,3,0,1989815029
1,3,1,1,1,1,1,2,9,1,1989815029
0,0,0,0,0,0,0,0,2,0,1994376698
0,1,0,1,1,0,1,0,5,1,1994376698
0,0,0,0,0,0,0,0,0,0,1996510780
0,1,0,1,1,1,1,1,7,1,1996510780
1,2,1,1,0,1,1,3,11,1,1995567754
0,1,0,0,1,0,0,0,3,0,1995567754
1,1,1,0,1,1,1,1,9,1,1995560868
0,0,0,1,0,0,0,0,0,0,1995560868
1,2,1,1,1,1,0,2,9,1,1995470623
0,1,0,0,0,0,1,0,3,0,1995470623
1,3,0,1,1,1,0,2,10,1,1995368008
1,0,1,0,0,0,1,0,6,0,1995368008
1,2,1,1,1,1,1,1,6,1,1995352107
0,0,0,0,0,0,0,0,3,0,1995352107
0,0,0,1,0,0,0,0,0,0,1994907644
0,1,0,0,1,1,1,1,6,1,1994907644
1,2,1,0,0,1,1,1,10,1,1994517621
0,1,0,1,1,0,0,0,1,0,1994517621
0,0,0,0,0,0,0,0,0,0,1994289652
0,2,0,1,1,0,1,0,6,1,1994289652
0,1,0,0,0,0,0,0,1,0,1994215352
1,2,1,1,1,1,1,1,7,1,1994215352
1,1,1,1,0,1,0,2,8,1,1994123165
0,1,0,0,1,0,1,0,2,0,1994123165
0,2,0,0,1,0,0,0,1,0,1994103605
0,0,0,1,0,1,1,2,11,1,1994103605
0,2,0,1,1,1,0,2,8,1,1992596985
1,0,1,0,0,0,1,0,2,0,1992596985
0,0,0,0,0,0,1,0,1,0,1991076248
0,1,0,1,1,1,0,1,8,1,1991076248
1,0,1,0,0,1,0,2,7,0,1991038186
1,3,0,1,1,0,1,1,8,1,1991038186
0,0,0,0,0,0,1,0,1,0,1990795046
1,2,1,1,1,0,0,0,6,1,1990795046
0,0,0,1,0,0,0,0,4,0,1990619192
1,3,1,0,1,1,1,1,7,1,1990619192
0,0,0,1,0,0,0,0,3,0,1994871825
1,1,1,0,1,1,1,1,8,1,1994871825
1,3,0,1,1,1,1,4,11,1,1994795722
3,4,1,0,0,0,0,0,3,0,1994795722
1,4,1,1,1,1,1,1,7,0,1994694862
1,2,0,0,0,0,0,1,7,1,1994694862
0,4,0,0,1,1,1,1,10,1,1992499568
3,1,1,1,0,0,0,0,4,0,1992499568
0,1,0,0,1,0,0,0,4,0,1992481030
2,4,1,1,0,1,1,1,9,1,1992481030
0,1,0,0,1,1,1,1,9,1,1991054667
0,0,0,1,0,0,0,0,3,0,1991054667
1,2,1,0,1,0,0,0,0,0,1994431855
0,1,0,1,0,1,1,1,7,1,1994431855
0,0,0,0,0,0,0,0,0,0,1996394890
0,3,0,1,1,0,1,0,5,1,1996394890
1,2,1,1,1,1,1,2,9,1,1996131730
0,0,0,0,0,0,0,0,3,0,1996131730
2,2,0,0,0,1,1,2,10,1,1996725749
1,2,1,1,1,0,0,0,5,0,1996725749
0,0,0,1,0,1,1,2,8,1,1996689537
0,0,0,0,0,0,0,0,0,0,1996689537
0,1,0,0,1,1,1,2,9,1,1996673667
1,1,1,1,0,0,0,1,6,0,1996673667
1,2,1,0,1,1,1,1,9,1,1996649465
0,0,0,1,0,0,0,0,3,0,1996649465
0,1,0,1,1,0,0,0,5,0,1996635798
1,2,1,0,0,1,1,2,9,1,1996635798
1,1,1,1,0,1,1,2,10,1,1996628153
0,3,0,0,1,0,0,0,2,0,1996628153
0,0,0,1,0,0,1,0,3,0,1995892236
2,4,1,0,1,1,0,4,11,1,1995892236
0,0,0,0,0,0,0,0,2,0,1995871369
1,3,1,1,1,1,1,2,10,1,1995871369
0,4,0,0,1,1,0,2,9,1,1995830587
1,1,1,1,0,0,1,0,5,0,1995830587
2,0,1,0,0,1,1,3,7,0,1995758651
2,6,0,1,1,0,0,5,11,1,1995758651
0,1,0,1,0,0,0,0,3,0,1995747111
1,2,1,0,1,1,1,3,9,1,1995747111
0,0,0,1,0,1,1,1,7,1,1995730859
0,0,0,0,0,0,0,0,1,0,1995730859
1,1,1,1,0,1,0,1,7,1,1995701070
0,2,0,0,1,0,1,0,3,0,1995701070
0,0,0,0,0,0,0,0,1,0,1995689786
1,3,1,1,1,1,1,2,10,1,1995689786
0,0,0,1,0,0,1,0,2,0,1995529640
0,1,0,0,1,0,0,0,4,1,1995529640
0,0,0,1,0,0,0,0,2,0,1995493494
0,2,0,0,1,1,1,1,7,1,1995493494
0,0,0,0,0,0,0,0,1,0,1993635048
0,1,0,1,1,0,1,0,4,1,1993635048
0,0,0,1,0,0,1,0,5,0,1993618021
1,3,1,0,1,1,0,2,9,1,1993618021
0,1,0,1,0,0,1,0,4,0,1993611108
1,2,1,0,1,1,0,1,8,1,1993611108
1,1,1,1,0,1,0,2,9,1,1993527751
1,3,0,0,1,0,1,0,3,0,1993527751
0,0,0,0,0,0,0,0,1,0,1993462730
0,1,0,1,1,1,1,1,7,1,1993462730
1,2,1,0,1,1,0,2,9,1,1993408349
0,0,0,1,0,0,1,0,5,0,1993408349
1,3,0,0,1,0,1,0,7,0,1992744155
1,2,1,1,0,1,0,2,9,1,1992744155
0,1,0,0,1,0,0,0,0,0,1992741343
0,0,0,1,0,1,1,1,5,1,1992741343
0,3,0,1,0,0,1,0,5,0,1992718824
1,1,1,0,1,1,0,1,5,1,1992718824
2,1,1,1,1,1,1,2,10,1,1992716574
0,1,0,0,0,0,0,0,4,0,1992716574
0,1,0,0,1,0,0,0,3,1,1992699748
0,1,0,1,0,0,1,0,3,0,1992699748
2,3,1,0,1,1,0,2,7,0,1992674159
0,1,0,1,0,0,1,1,8,1,1992674159
0,2,0,1,1,1,1,1,7,1,1992680895
0,0,0,0,0,0,0,0,0,0,1992680895
2,2,1,1,1,1,1,2,7,0,1992652909
0,2,0,0,0,0,0,0,4,1,1992652909
0,2,0,0,1,0,1,0,3,0,1992602358
1,1,1,1,0,1,0,2,9,1,1992602358
2,2,1,0,0,0,0,0,7,0,1992554841
0,2,0,1,1,1,1,1,8,1,1992554841
1,1,1,1,1,0,1,0,2,1,1991932233
0,0,0,0,0,0,0,0,1,0,1991932233
0,1,0,1,1,1,1,1,6,1,1991786193
1,1,1,0,0,0,0,0,5,0,1991786193
1,2,1,0,1,0,1,0,3,0,1991756600
1,2,0,1,0,1,0,2,9,1,1991756600
1,0,1,0,0,0,1,0,6,0,1991735798
1,3,0,1,1,1,0,2,8,1,1991735798
1,1,1,1,1,1,1,2,10,1,1991675842
0,1,0,0,0,0,0,0,0,0,1991675842
0,0,0,0,0,0,0,0,0,0,1991635009
0,2,0,1,1,1,1,1,5,1,1991635009
1,1,1,1,1,0,1,0,4,1,1991530388
0,0,0,0,0,0,0,0,2,0,1991530388
0,1,0,0,1,0,1,0,2,0,1991479850
2,2,1,1,0,1,0,2,9,1,1991479850
0,0,0,0,0,1,1,1,6,0,1991352160
2,3,1,1,1,0,0,1,9,1,1991352160
0,1,0,0,1,0,1,0,6,1,1991331828
0,0,0,1,0,0,0,0,1,0,1991331828
0,0,0,0,0,0,1,0,3,0,1991144738
1,3,1,1,1,1,0,3,10,1,1991144738
0,0,0,0,0,0,0,0,0,0,1991142876
0,2,0,1,1,0,1,0,6,1,1991142876
0,0,0,1,0,1,1,1,6,1,1991133413
0,0,0,0,0,0,0,0,0,0,1991133413
0,0,0,1,0,0,0,0,1,0,1991106292
1,2,1,0,1,1,1,2,10,1,1991106292
1,3,1,0,1,1,0,2,8,0,1991101933
1,2,0,1,0,0,1,1,9,1,1991101933
1,5,1,1,1,0,1,0,6,0,1991081527
2,1,0,0,0,1,0,1,9,1,1991081527
2,4,1,1,1,1,1,1,9,1,1990997311
0,1,0,0,0,0,0,0,4,0,1990997311
0,0,0,0,0,0,0,0,1,0,1990974396
0,2,0,1,1,0,1,0,6,1,1990974396
0,3,0,0,1,1,1,2,9,1,1990878558
1,1,1,1,0,0,0,0,4,0,1990878558
1,0,1,1,0,0,0,0,3,0,1990034571
1,3,0,0,1,1,1,2,10,1,1990034571
1,2,1,0,1,1,0,2,10,1,1990016578
0,2,0,1,0,0,1,0,3,0,1990016578
0,2,0,1,1,0,1,0,6,1,1990008375
0,0,0,0,0,0,0,0,2,0,1990008375
0,0,0,0,0,0,0,0,1,0,1990005439
1,3,1,1,1,1,1,3,10,1,1990005439
0,1,0,0,0,0,0,1,7,1,1989930433
1,2,1,1,1,1,1,2,7,0,1989930433
0,0,0,0,0,0,1,0,2,0,1989789068
0,1,0,1,1,1,0,1,8,1,1989789068
1,1,1,0,0,1,0,3,11,1,1989630018
0,2,0,1,1,0,1,0,4,0,1989630018
1,3,0,1,1,1,1,2,8,1,1989604397
1,0,1,0,0,0,0,1,6,0,1989604397
0,1,0,0,0,1,1,2,10,1,1989694149
0,1,0,1,1,0,0,0,2,0,1989694149
0,1,0,1,1,0,1,0,6,1,1995269511
0,0,0,0,0,0,0,0,1,0,1995269511
0,1,0,0,1,0,1,0,4,1,1995135347
0,0,0,1,0,0,0,0,1,0,1995135347
0,0,0,0,0,0,1,0,4,0,1994916804
1,2,1,1,1,1,0,2,8,1,1994916804
1,2,1,0,1,1,0,1,8,1,1994518269
0,0,0,1,0,0,1,0,4,0,1994518269
0,2,0,1,1,0,0,0,6,1,1994065517
0,0,0,0,0,0,1,0,1,0,1994065517
0,1,0,0,0,0,1,0,4,0,1994069839
1,2,1,1,1,1,0,1,6,1,1994069839
0,1,0,1,1,1,1,2,9,1,1993223888
0,0,0,0,0,0,0,0,0,0,1993223888
1,1,1,1,1,1,0,1,9,1,1993067984
0,2,0,0,0,0,1,0,3,0,1993067984
1,1,1,1,1,0,0,0,3,0,1993008748
0,1,0,0,0,1,1,1,6,1,1993008748
0,0,0,0,0,0,0,0,1,0,1991252252
0,3,0,1,1,1,1,1,9,1,1991252252
0,0,0,1,0,0,0,0,2,0,1991228282
0,1,0,0,1,0,1,0,4,1,1991228282
0,0,0,1,0,1,1,1,5,1,1991219193
0,0,0,0,0,0,0,0,0,0,1991219193
0,0,0,1,0,0,0,0,1,0,1991204245
0,1,0,0,1,0,1,0,3,1,1991204245
2,2,1,1,0,1,0,1,8,1,1991185943
0,1,0,0,1,0,1,0,3,0,1991185943
0,1,0,1,0,0,1,0,3,1,1990971508
0,1,0,0,1,0,0,0,2,0,1990971508
0,0,0,0,0,0,0,0,2,0,1990930970
1,3,1,1,1,1,1,1,8,1,1990930970
0,2,0,1,1,0,0,0,3,0,1990093040
1,1,1,0,0,1,1,1,7,1,1990093040
0,0,0,1,0,0,0,0,1,0,1990067106
0,1,0,0,1,1,1,1,8,1,1990067106
0,1,0,1,1,1,1,1,8,1,1989761214
0,0,0,0,0,0,0,0,1,0,1989761214
0,2,0,1,1,0,1,0,3,0,1989670421
1,1,1,0,0,0,0,0,6,1,1989670421
1,1,1,0,1,1,1,3,10,1,1989565645
0,0,0,1,0,0,0,0,1,0,1989565645
1,2,1,0,0,1,0,3,11,1,1994137402
0,1,0,1,1,0,1,0,2,0,1994137402
0,1,0,1,1,1,1,1,9,1,1994674238
0,1,0,0,0,0,0,0,3,0,1994674238
0,2,0,1,1,1,1,2,10,1,1994647491
0,0,0,0,0,0,0,0,1,0,1994647491
0,1,0,0,1,0,1,0,5,1,1994643394
0,0,0,1,0,0,0,0,0,0,1994643394
2,0,1,0,0,1,0,1,9,1,1994630361
0,4,0,1,1,0,1,0,4,0,1994630361
1,1,0,0,0,0,1,0,5,0,1994604891
1,2,1,1,1,1,0,2,8,1,1994604891
0,2,0,1,1,0,0,0,3,1,1994619873
0,0,0,0,0,0,1,0,2,0,1994619873
0,1,0,1,1,0,0,0,7,0,1994596140
1,2,1,0,0,1,1,3,9,1,1994596140
0,0,0,0,0,0,0,0,0,0,1994586281
0,1,0,1,1,0,1,0,8,1,1994586281
0,2,0,1,1,1,1,2,9,1,1994571895
1,1,1,0,0,0,0,0,1,0,1994571895
0,1,0,0,0,1,0,1,8,1,1994559189
1,2,1,1,1,0,1,0,5,0,1994559189
0,1,0,1,1,0,0,0,4,1,1994529706
0,0,0,0,0,0,1,0,1,0,1994529706
1,1,1,0,0,1,1,1,7,1,1994077366
0,2,0,1,1,0,0,0,5,0,1994077366
0,0,0,1,0,0,0,0,3,0,1994070938
1,1,1,0,1,1,1,1,9,1,1994070938
0,1,0,1,1,1,1,1,8,1,1994044876
0,0,0,0,0,0,0,0,1,0,1994044876
1,1,1,1,1,0,1,0,6,1,1994040308
0,1,0,0,0,0,0,0,3,0,1994040308
0,0,0,0,0,0,0,0,3,0,1994006386
0,1,0,1,1,0,1,0,6,1,1994006386
0,0,0,0,0,0,1,0,2,0,1994011910
1,3,1,1,1,1,0,2,10,1,1994011910
0,0,0,1,0,0,1,0,7,1,1995834153
0,1,0,0,1,0,0,0,1,0,1995834153
1,3,1,1,1,1,0,3,10,1,1995801064
0,1,0,0,0,0,1,0,4,0,1995801064
1,3,1,1,1,1,1,2,8,1,1995739314
2,2,0,0,0,0,0,0,5,0,1995739314
1,4,0,0,0,0,1,7,11,1,1995706112
3,1,1,1,1,1,0,2,6,0,1995706112
0,0,0,1,0,0,0,0,2,0,1995304251
1,3,1,0,1,1,1,2,10,1,1995304251
0,2,0,1,1,0,0,0,4,0,1995002033
1,1,1,0,0,1,1,1,9,1,1995002033
0,1,0,1,1,0,1,0,3,0,1994896585
2,2,1,0,0,1,0,4,10,1,1994896585
1,1,1,1,1,1,1,1,6,0,1994774794
0,3,0,0,0,0,0,2,9,1,1994774794
0,0,0,0,0,0,0,0,1,0,1994246339
1,3,1,1,1,1,1,2,7,1,1994246339
0,1,0,0,0,0,0,0,4,0,1994185985
1,3,1,1,1,1,1,2,10,1,1994185985
0,1,0,0,1,0,0,0,1,0,1994127295
0,1,0,1,0,1,1,1,8,1,1994127295
1,1,1,0,1,1,1,1,9,1,1994104974
0,1,0,1,0,0,0,0,3,0,1994104974
0,1,0,0,0,0,0,0,2,0,1994083134
1,1,1,1,1,1,1,2,10,1,1994083134
0,1,0,1,1,0,0,0,3,0,1993506115
2,2,1,0,0,1,1,3,9,1,1993506115
1,3,1,1,1,1,0,3,9,1,1992896605
0,0,0,0,0,0,1,0,2,0,1992896605
0,1,0,0,0,0,0,0,3,0,1992880348
1,2,1,1,1,1,1,1,10,1,1992880348
2,3,1,0,1,1,0,2,8,1,1992753562
0,1,0,1,0,0,1,0,2,0,1992753562
0,2,0,1,1,1,0,1,5,0,1992217792
1,2,1,0,0,0,1,1,7,1,1992217792
0,0,0,1,0,0,1,0,2,0,1992195225
1,2,1,0,1,1,0,1,7,1,1992195225
0,0,0,0,0,0,0,0,1,0,1992148623
0,2,0,1,1,0,1,0,6,1,1992148623
0,2,0,1,1,1,1,2,10,1,1992135235
0,0,0,0,0,0,0,0,0,0,1992135235
0,0,0,1,0,0,1,0,6,1,1992125381
0,0,0,0,0,0,0,0,1,0,1992125381
0,4,0,0,1,0,1,1,10,0,1992102618
2,1,1,1,0,1,0,4,9,1,1992102618
0,2,0,1,0,0,0,0,3,0,1991408101
2,2,1,0,1,1,1,2,8,1,1991408101
1,1,1,0,0,1,0,1,8,1,1991381398
0,2,0,1,1,0,1,0,5,0,1991381398
0,1,0,0,1,0,0,0,4,0,1991287748
1,2,1,1,0,1,1,1,9,1,1991287748
0,1,0,1,0,0,0,0,3,0,1991259595
1,2,1,0,1,1,1,2,10,1,1991259595
0,0,0,1,0,0,1,0,3,1,1991228912
0,2,0,0,1,0,0,0,1,0,1991228912
0,0,0,0,0,0,0,0,1,0,1991232574
2,3,1,1,1,1,1,3,11,1,1991232574
0,2,0,1,0,0,1,0,4,1,1991106957
0,1,0,0,1,0,0,0,3,0,1991106957
1,3,1,1,1,1,1,2,9,1,1991015993
0,0,0,0,0,0,0,0,2,0,1991015993
1,2,1,1,1,1,1,3,9,1,1990837139
0,1,0,0,0,0,0,0,2,0,1990837139
1,4,1,1,1,1,0,2,9,1,1990770346
0,0,0,0,0,0,1,0,4,0,1990770346
1,3,1,0,0,1,1,1,9,1,1990702624
1,2,0,1,1,0,0,0,6,0,1990702624
0,1,0,1,1,0,0,0,1,0,1990448335
0,1,0,0,0,1,1,1,9,1,1990448335
2,2,1,0,0,0,0,1,8,1,1990335183
0,2,0,1,1,1,1,1,7,0,1990335183
0,2,0,1,1,0,1,0,4,0,1990254554
2,2,1,0,0,1,0,2,11,1,1990254554
1,1,1,0,1,1,1,1,6,1,1989793652
0,1,0,1,0,0,0,0,1,0,1989793652
1,2,0,0,0,1,1,1,6,1,1989724728
1,2,1,1,1,0,0,0,5,0,1989724728
0,1,0,0,1,1,1,1,10,1,1989702464
0,0,0,1,0,0,0,0,0,0,1989702464
1,3,1,0,1,1,1,3,9,1,1994688028
0,0,0,1,0,0,0,0,0,0,1994688028
0,0,0,0,0,0,0,0,0,0,1992501609
0,1,0,1,1,1,1,2,10,1,1992501609
0,1,0,0,1,0,0,0,1,0,1992463258
0,2,0,1,0,1,1,1,9,1,1992463258
0,0,0,0,0,0,0,0,2,0,1992304137
0,2,0,1,1,1,1,1,5,1,1992304137
0,1,0,0,0,1,1,4,10,1,1991641642
1,3,1,1,1,0,0,0,4,0,1991641642
1,4,1,1,1,1,1,2,10,1,1994424820
0,0,0,0,0,0,0,0,3,0,1994424820
0,0,0,1,0,0,1,0,1,0,1994410759
0,2,0,0,1,1,0,1,5,1,1994410759
0,0,0,1,0,0,1,0,1,0,1994361425
0,1,0,0,1,1,0,2,8,1,1994361425
0,0,0,1,0,1,0,1,7,1,1994309516
0,1,0,0,1,0,1,0,1,0,1994309516
0,1,0,1,1,1,1,1,9,1,1993650446
0,0,0,0,0,0,0,0,1,0,1993650446
0,0,0,0,0,1,1,1,7,1,1993593032
0,0,0,1,0,0,0,0,1,0,1993593032
0,0,0,0,0,0,1,0,4,0,1992679159
1,2,1,1,1,1,0,1,5,1,1992679159
0,0,0,1,0,0,0,0,1,0,1992636534
0,2,0,0,1,1,1,1,6,1,1992636534
1,1,1,0,0,1,1,1,7,0,1991606804
1,3,0,1,1,0,0,2,9,1,1991606804
1,2,1,1,1,1,0,1,6,1,1990726161
0,0,0,0,0,0,1,0,4,0,1990726161
0,0,0,0,0,0,1,0,3,0,1990366256
1,3,1,1,1,1,0,3,10,1,1990366256
0,1,0,1,1,1,1,1,5,1,1990322626
0,0,0,0,0,0,0,0,1,0,1990322626
0,1,0,0,0,0,0,0,1,0,1996674932
1,2,1,1,1,1,1,2,8,1,1996674932
1,1,0,1,0,0,1,2,10,1,1994884368
1,4,1,0,1,1,0,1,6,0,1994884368
0,1,0,1,1,0,1,0,8,1,1996546563
0,1,0,0,0,0,0,0,0,0,1996546563
0,2,0,0,1,0,0,0,2,0,1996540042
3,3,1,1,0,1,1,9,11,1,1996540042
1,1,1,0,0,1,1,2,10,1,1996521795
0,1,0,1,1,0,0,0,0,0,1996521795
0,0,0,1,0,0,0,0,2,0,1996471323
1,2,1,0,1,1,1,2,10,1,1996471323
0,2,0,0,0,0,0,2,9,1,1996269981
2,4,1,1,1,1,1,2,8,0,1996269981
1,1,1,1,0,1,0,1,7,1,1995987632
0,2,0,0,1,0,1,0,4,0,1995987632
1,2,1,1,1,0,0,0,4,1,1995947866
0,0,0,0,0,0,1,0,2,0,1995947866
0,0,0,0,0,0,0,0,3,0,1994488393
0,0,0,1,0,1,1,2,6,1,1994488393
0,0,0,1,0,1,1,1,6,1,1994482404
0,0,0,0,0,0,0,0,0,0,1994482404
0,0,0,1,0,1,1,3,6,0,1994428306
0,0,0,0,0,0,0,1,6,1,1994428306
0,0,0,1,0,1,1,1,6,1,1994415136
0,0,0,0,0,0,0,0,2,0,1994415136
0,2,0,0,1,0,0,0,0,0,1994300648
0,0,0,1,0,1,1,1,5,1,1994300648
0,0,0,1,0,1,1,2,7,1,1993506869
0,0,0,0,0,0,0,0,0,0,1993506869
0,0,0,0,0,0,1,0,4,1,1993493712
0,0,0,1,0,0,0,0,0,0,1993493712
2,1,1,1,0,0,0,1,7,1,1993371590
0,3,0,0,1,1,1,1,7,0,1993371590
1,1,1,1,0,1,1,3,10,1,1993002451
1,3,0,0,1,0,0,0,5,0,1993002451
0,1,0,0,1,0,0,0,4,0,1992928423
2,3,1,1,0,1,1,2,10,1,1992928423
0,0,0,0,0,0,1,0,3,0,1992705585
0,2,0,1,1,0,0,0,4,1,1992705585
0,0,0,0,0,0,0,0,1,0,1992631489
0,0,0,1,0,1,1,2,7,1,1992631489
0,0,0,0,0,0,0,0,2,0,1992595535
0,0,0,1,0,1,1,2,6,1,1992595535
0,0,0,0,0,0,0,0,0,0,1992568792
0,0,0,1,0,1,1,2,7,1,1992568792
0,0,0,0,0,1,1,4,7,1,1992548817
0,0,0,1,0,0,0,0,2,0,1992548817
0,0,0,1,0,1,1,3,7,1,1992508542
0,0,0,0,0,0,0,0,1,0,1992508542
0,0,0,0,0,0,0,0,1,0,1991751974
0,0,0,1,0,1,1,2,6,1,1991751974
0,0,0,1,0,0,0,0,0,0,1991732195
0,0,0,0,0,1,1,1,6,1,1991732195
0,0,0,0,0,0,0,0,0,0,1991723811
0,0,0,1,0,1,1,1,6,1,1991723811
0,0,0,0,0,1,1,1,6,1,1991701637
0,0,0,1,0,0,0,0,3,0,1991701637
0,0,0,0,0,1,1,2,7,1,1991690419
0,0,0,1,0,0,0,0,1,0,1991690419
0,0,0,0,0,0,0,0,1,0,1991633913
0,0,0,1,0,1,1,1,6,1,1991633913
0,0,0,1,0,0,0,0,1,0,1990998467
0,0,0,0,0,1,1,1,7,1,1990998467
0,0,0,0,0,0,0,1,6,1,1990976308
0,0,0,1,0,1,1,4,6,0,1990976308
0,0,0,0,0,0,0,0,0,0,1990959816
0,0,0,1,0,0,1,0,4,1,1990959816
0,0,0,1,0,1,1,1,7,1,1990932699
0,0,0,0,0,0,0,0,0,0,1990932699
0,0,0,1,0,1,1,1,5,1,1990906977
0,0,0,0,0,0,0,0,1,0,1990906977
0,0,0,1,0,1,1,1,6,1,1990909933
0,0,0,0,0,0,0,0,1,0,1990909933
1,3,1,0,1,1,1,1,6,1,1990314473
0,0,0,1,0,0,0,0,3,0,1990314473
1,1,1,0,1,1,1,1,7,1,1995781222
0,1,0,1,0,0,0,0,2,0,1995781222
0,0,0,0,0,0,0,0,0,0,1994756164
0,1,0,1,1,0,1,0,7,1,1994756164
1,0,1,1,0,1,0,2,10,1,1990708228
0,2,0,0,1,0,1,0,2,0,1990708228
1,0,0,0,0,0,0,0,5,0,1990559440
2,5,1,1,1,1,1,2,10,1,1990559440
2,1,1,1,0,1,1,2,9,1,1990488041
0,2,0,0,1,0,0,0,3,0,1990488041
0,1,0,0,0,0,0,0,2,0,1991754755
1,2,1,1,1,1,1,2,10,1,1991754755
3,2,1,1,0,0,1,1,5,0,1991130305
0,2,0,0,1,1,0,4,11,1,1991130305
0,0,0,0,0,0,0,0,2,0,1994318411
1,3,1,1,1,1,1,1,9,1,1994318411
3,2,1,1,0,0,0,2,10,1,1996087132
0,4,0,0,1,1,1,5,9,0,1996087132
1,2,1,0,1,0,1,0,3,0,1995965460
1,3,0,1,0,1,0,3,10,1,1995965460
0,0,0,1,0,0,0,0,0,0,1995942452
0,2,0,0,1,1,1,1,10,1,1995942452
0,2,0,1,1,1,1,3,11,1,1995931406
0,0,0,0,0,0,0,0,0,0,1995931406
0,2,0,1,1,1,0,1,7,1,1995891036
0,0,0,0,0,0,1,0,2,0,1995891036
0,0,0,0,0,0,1,0,5,0,1991388365
2,4,1,1,1,1,0,3,10,1,1991388365
0,0,0,1,0,0,1,0,3,0,1996661381
0,3,0,0,1,1,0,1,7,1,1996661381
0,1,0,1,0,0,0,0,1,0,1996628010
1,1,1,0,1,1,1,2,11,1,1996628010
0,1,0,0,1,0,0,0,3,0,1996625825
0,1,0,1,0,0,1,0,4,1,1996625825
1,1,0,0,0,0,1,1,9,1,1996615549
1,4,1,1,1,1,0,1,7,0,1996615549
0,1,0,1,0,0,0,0,3,0,1996604513
1,3,1,0,1,1,1,1,8,1,1996604513
0,3,0,0,0,1,0,1,7,1,1996574192
0,1,0,1,1,0,1,0,3,0,1996574192
1,3,1,1,1,1,1,1,9,1,1996562626
0,0,0,0,0,0,0,0,4,0,1996562626
0,1,0,1,0,0,0,0,3,0,1996527698
0,2,0,0,1,0,1,0,5,1,1996527698
2,2,1,1,0,1,1,1,9,1,1996399057
0,3,0,0,1,0,0,0,4,0,1996399057
1,2,1,0,1,1,1,1,7,1,1995382849
0,0,0,1,0,0,0,0,2,0,1995382849
0,0,0,0,0,0,0,0,2,0,1995999626
1,2,1,1,1,1,1,1,9,1,1995999626
1,1,0,0,0,1,0,2,7,1,1994466263
1,3,1,1,1,0,1,1,8,0,1994466263
0,0,0,0,0,0,0,0,0,0,1994462762
0,1,0,1,1,1,1,2,10,1,1994462762
0,0,0,0,0,0,0,0,0,0,1994448858
0,0,0,1,0,1,1,1,7,1,1994448858
0,1,0,0,0,1,1,2,10,1,1994219604
1,3,1,1,1,0,0,0,5,0,1994219604
0,2,0,0,1,1,1,3,10,1,1993554124
2,1,1,1,0,0,0,0,1,0,1993554124
0,2,0,0,1,1,1,2,9,1,1993534316
0,0,0,1,0,0,0,0,0,0,1993534316
0,2,0,0,1,1,1,1,6,1,1993498786
0,0,0,1,0,0,0,0,2,0,1993498786
0,2,0,1,1,1,1,1,5,1,1991384518
0,0,0,0,0,0,0,0,3,0,1991384518
1,3,1,1,0,1,0,4,10,0,1990874205
2,3,0,0,1,0,1,3,8,1,1990874205
0,0,0,0,0,0,1,0,1,0,1990847549
0,2,0,1,1,1,0,1,9,1,1990847549
0,1,0,1,1,1,1,1,7,1,1990830649
0,0,0,0,0,0,0,0,0,0,1990830649
0,0,0,1,0,0,0,0,2,0,1990790618
1,3,1,0,1,1,1,1,9,1,1990790618
1,1,1,1,0,1,1,1,9,1,1990360564
0,1,0,0,1,0,0,0,2,0,1990360564
1,3,1,1,1,1,0,1,7,1,1996571122
0,0,0,0,0,0,1,0,1,0,1996571122
1,1,1,1,0,1,1,3,11,1,1996527305
0,2,0,0,1,0,0,0,3,0,1996527305
1,0,1,0,0,0,0,0,0,0,1996398427
0,3,0,1,1,1,1,2,10,1,1996398427
0,0,0,1,0,0,1,0,4,0,1996097731
2,3,1,0,1,1,0,2,9,1,1996097731
0,0,0,1,0,0,0,0,1,0,1995162039
0,1,0,0,1,1,1,1,9,1,1995162039
1,2,1,0,1,1,1,1,5,0,1993014301
1,2,0,1,0,0,0,1,9,1,1993014301
0,1,0,1,1,1,1,1,9,1,1992460491
0,1,0,0,0,0,0,0,2,0,1992460491
1,1,1,1,1,1,0,1,5,1,1992417374
0,1,0,0,0,0,1,0,4,0,1992417374
0,2,0,0,1,1,1,1,9,1,1992275515
0,0,0,1,0,0,0,0,1,0,1992275515
1,2,1,1,1,1,1,1,9,1,1992250537
0,0,0,0,0,0,0,0,1,0,1992250537
1,2,1,1,0,1,0,3,11,1,1991588899
0,2,0,0,1,0,1,0,4,0,1991588899
1,2,1,1,1,1,1,1,6,1,1991418812
0,0,0,0,0,0,0,0,3,0,1991418812
1,3,1,1,1,1,1,3,11,1,1991387408
0,0,0,0,0,0,0,0,2,0,1991387408
1,1,1,1,1,0,0,0,2,0,1991348360
0,2,0,0,0,1,1,1,8,1,1991348360
0,1,0,0,0,0,0,0,2,0,1991316769
2,2,1,1,1,1,1,1,7,1,1991316769
0,0,0,1,0,0,0,0,4,0,1990819097
1,3,1,0,1,1,1,2,9,1,1990819097
1,2,1,1,1,0,0,0,4,0,1992325476
1,2,0,0,0,1,1,2,10,1,1992325476
0,1,0,1,1,1,1,4,11,1,1992297893
0,0,0,0,0,0,0,0,1,0,1992297893
0,0,0,0,0,0,0,0,2,0,1992136143
1,2,1,1,1,1,1,1,8,1,1992136143
1,1,1,1,0,1,1,1,6,1,1995578086
0,1,0,0,1,0,0,0,1,0,1995578086
0,0,0,0,0,0,0,0,3,0,1991677468
1,2,1,1,1,1,1,2,10,1,1991677468
1,2,1,1,1,1,0,1,6,1,1992587248
0,0,0,0,0,0,1,0,2,0,1992587248
0,1,0,0,0,0,0,0,4,0,1991498479
2,3,1,1,1,1,1,3,10,1,1991498479
1,0,1,1,0,1,1,1,6,1,1991318674
0,1,0,0,1,0,0,0,1,0,1991318674
0,1,0,1,0,1,1,1,8,1,1990978516
0,1,0,0,1,0,0,0,0,0,1990978516
1,2,1,0,1,1,1,1,9,1,1990920613
0,0,0,1,0,0,0,0,2,0,1990920613
1,2,1,0,0,1,0,2,9,1,1990848692
0,2,0,1,1,0,1,0,4,0,1990848692
0,0,0,0,0,0,0,0,5,1,1992181547
0,1,0,1,1,0,1,0,3,0,1992181547
0,0,0,1,0,0,1,0,2,0,1996541538
0,2,0,0,1,0,0,0,4,1,1996541538
0,2,0,0,1,1,1,1,7,1,1994017194
0,1,0,1,0,0,0,0,2,0,1994017194
1,2,1,1,0,0,1,1,7,1,1995344271
0,3,0,0,1,1,0,2,8,0,1995344271
1,1,1,1,1,1,0,2,10,1,1995311307
0,2,0,0,0,0,1,0,6,0,1995311307
1,3,1,1,1,1,1,1,10,1,1995257412
0,2,0,0,0,0,0,0,2,0,1995257412
1,1,1,0,1,1,0,1,8,1,1994845093
0,2,0,1,0,0,1,0,4,0,1994845093
0,2,0,1,1,1,0,1,6,1,1993396179
0,0,0,0,0,0,1,0,1,0,1993396179
0,1,0,1,1,1,1,1,9,1,1993279533
0,0,0,0,0,0,0,0,0,0,1993279533
0,0,0,0,0,0,0,0,3,0,1991101214
1,2,1,1,1,0,1,0,5,1,1991101214
0,2,0,0,1,0,0,0,1,0,1991089818
1,1,1,1,0,1,1,2,9,1,1991089818
1,1,1,1,0,1,1,1,8,1,1990670554
0,1,0,0,1,0,0,0,1,0,1990670554
0,1,0,1,1,1,1,1,8,1,1990532517
0,0,0,0,0,0,0,0,1,0,1990532517
0,0,0,1,0,1,1,1,8,1,1990443845
0,0,0,0,0,0,0,0,0,0,1990443845
1,1,1,1,1,1,1,1,9,1,1990333785
0,0,0,0,0,0,0,0,1,0,1990333785
3,4,1,0,1,0,1,3,10,1,1989987127
0,2,0,1,0,1,0,3,8,0,1989987127
0,0,0,0,0,0,0,0,1,0,1989982694
0,2,0,1,1,1,1,2,11,1,1989982694
1,2,0,0,1,1,0,1,10,1,1996597192
1,2,1,1,0,0,1,0,4,0,1996597192
2,0,1,1,0,1,1,1,8,1,1996515462
0,3,0,0,1,0,0,0,2,0,1996515462
0,1,0,0,1,0,0,0,3,0,1996215874
0,1,0,1,0,1,1,1,9,1,1996215874
0,2,0,1,1,1,1,1,7,0,1996153440
1,0,1,0,0,0,0,1,8,1,1996153440
0,2,0,1,1,0,1,0,3,1,1996077484
0,0,0,0,0,0,0,0,2,0,1996077484
1,1,1,1,0,1,0,1,6,1,1995542529
0,2,0,0,1,0,1,0,4,0,1995542529
0,2,0,0,1,0,1,0,6,1,1995489293
0,0,0,1,0,0,0,0,0,0,1995489293
0,1,0,0,1,0,1,0,3,0,1995424941
1,1,1,1,0,1,0,1,6,1,1995424941
0,0,0,0,0,0,0,0,1,0,1994414461
0,2,0,1,1,1,1,3,11,1,1994414461
0,0,0,0,0,0,0,0,0,0,1994379157
0,0,0,1,0,1,1,1,5,1,1994379157
0,1,0,1,1,1,1,1,6,1,1993603195
0,0,0,0,0,0,0,0,0,0,1993603195
2,2,1,0,0,1,1,2,10,1,1992990989
0,2,0,1,1,0,0,0,4,0,1992990989
0,0,0,1,0,1,1,1,5,1,1992902131
0,0,0,0,0,0,0,0,0,0,1992902131
0,2,0,0,1,1,1,2,7,1,1992874362
0,0,0,1,0,0,0,0,0,0,1992874362
1,2,1,0,1,0,1,0,5,0,1992837383
1,2,0,1,0,1,0,4,11,1,1992837383
0,1,0,0,1,0,1,0,3,0,1992819865
1,3,1,1,0,1,0,1,9,1,1992819865
2,4,1,1,1,1,1,5,11,1,1992418809
0,0,0,0,0,0,0,0,3,0,1992418809
0,2,0,1,1,1,1,1,7,1,1992343921
0,0,0,0,0,0,0,0,0,0,1992343921
0,1,0,1,0,0,0,0,6,0,1992292950
2,3,1,0,1,1,1,2,10,1,1992292950
0,0,0,0,0,0,1,0,1,0,1991294756
0,1,0,1,1,0,0,0,5,1,1991294756
0,1,0,0,0,0,0,0,4,0,1991262598
1,2,1,1,1,1,1,1,9,1,1991262598
0,1,0,0,1,0,0,0,1,0,1989721559
0,1,0,1,0,1,1,2,10,1,1989721559
1,3,0,1,1,1,1,2,9,1,1989629480
1,0,1,0,0,0,0,0,3,0,1989629480
0,0,0,0,0,0,0,0,0,0,1994512803
1,2,1,1,1,1,1,1,9,1,1994512803
0,0,0,0,0,0,0,0,2,0,1995273631
1,2,1,1,1,0,1,0,8,1,1995273631
1,2,1,1,1,0,1,0,4,0,1994807373
2,4,0,0,0,1,0,3,10,1,1994807373
0,0,0,0,0,0,0,0,2,0,1994769057
0,1,0,1,1,1,1,1,8,1,1994769057
0,0,0,0,0,0,0,0,4,0,1994750487
1,3,1,1,1,1,1,3,11,1,1994750487
1,2,1,0,1,0,0,1,9,1,1994460728
0,0,0,1,0,1,1,1,5,0,1994460728
0,0,0,1,0,0,0,0,0,0,1994285196
0,1,0,0,1,1,1,1,7,1,1994285196
0,1,0,0,1,1,1,2,8,0,1994206909
2,3,1,1,0,0,0,1,6,1,1994206909
0,2,0,0,1,1,0,2,9,1,1994170671
1,1,1,1,0,0,1,0,5,0,1994170671
0,3,0,1,1,1,1,1,9,1,1994106461
1,0,1,0,0,0,0,0,3,0,1994106461
1,2,1,1,0,1,0,1,6,0,1994059683
0,3,0,0,1,0,1,1,9,1,1994059683
1,2,1,1,1,1,1,2,8,1,1994068428
0,0,0,0,0,0,0,0,2,0,1994068428
1,4,1,1,1,1,1,3,10,1,1994042915
0,0,0,0,0,0,0,0,3,0,1994042915
1,0,1,0,0,0,1,0,3,0,1994012999
0,2,0,1,1,1,0,1,8,1,1994012999
1,1,1,1,1,1,1,1,9,1,1993573948
0,2,0,0,0,0,0,0,2,0,1993573948
0,2,0,0,1,1,1,3,11,1,1992967651
0,0,0,1,0,0,0,0,0,0,1992967651
1,1,1,1,1,1,1,1,8,1,1992922610
0,0,0,0,0,0,0,0,0,0,1992922610
1,2,1,0,1,1,1,1,8,1,1992767193
0,0,0,1,0,0,0,0,3,0,1992767193
0,0,0,0,0,0,1,0,2,0,1992631393
1,1,1,1,1,0,0,0,3,1,1992631393
2,4,1,1,1,1,1,2,9,0,1992178605
1,1,0,0,0,0,0,1,8,1,1992178605
0,3,0,1,1,1,1,1,8,1,1992172993
0,0,0,0,0,0,0,0,3,0,1992172993
1,3,1,1,1,1,1,2,10,1,1995434368
0,0,0,0,0,0,0,0,1,0,1995434368
1,1,1,1,0,1,1,3,10,1,1992393866
0,2,0,0,1,0,0,0,3,0,1992393866
1,5,0,0,1,0,1,2,9,1,1990455471
1,0,1,1,0,1,0,1,8,0,1990455471
0,1,0,0,0,0,0,0,2,0,1992670166
2,2,1,1,1,1,1,5,11,1,1992670166
0,0,0,0,0,0,0,0,0,0,1992628751
0,2,0,1,1,1,1,2,10,1,1992628751
1,2,1,1,1,1,1,1,7,1,1991670545
0,0,0,0,0,0,0,0,0,0,1991670545
1,2,1,0,0,1,1,3,11,1,1991631384
0,1,0,1,1,0,0,0,3,0,1991631384
1,3,1,1,1,0,1,0,5,1,1991549817
0,0,0,0,0,0,0,0,2,0,1991549817
0,1,0,1,0,0,1,0,5,1,1991502136
0,1,0,0,1,0,0,0,1,0,1991502136
1,4,1,1,1,1,0,2,8,1,1990760126
0,0,0,0,0,0,1,0,2,0,1990760126
0,3,0,0,1,0,0,0,4,0,1989737450
1,0,1,1,0,1,1,1,8,1,1989737450
0,0,0,0,0,0,0,0,0,0,1989604322
0,1,0,1,1,1,1,1,9,1,1989604322
0,2,0,1,1,1,1,1,8,1,1989554668
0,0,0,0,0,0,0,0,3,0,1989554668
1,1,1,0,0,1,1,2,9,1,1992806029
0,3,0,1,1,0,0,0,5,0,1992806029
0,3,0,1,1,1,1,2,8,1,1992792911
0,0,0,0,0,0,0,0,3,0,1992792911
1,1,1,1,1,1,1,1,8,1,1992763244
0,1,0,0,0,0,0,0,4,0,1992763244
1,0,1,1,0,1,0,1,6,1,1992659369
0,2,0,0,1,0,1,0,2,0,1992659369
0,1,0,0,0,0,0,0,3,0,1992633574
1,1,1,1,1,1,1,2,10,1,1992633574
1,2,1,0,1,1,1,1,9,1,1992605265
1,0,0,1,0,0,0,0,3,0,1992605265
0,3,0,1,1,0,0,0,3,0,1996567383
2,1,1,0,0,1,1,4,11,1,1996567383
0,1,0,1,1,1,1,1,6,1,1996561713
0,0,0,0,0,0,0,0,0,0,1996561713
2,3,1,1,1,1,0,3,11,1,1996530109
0,1,0,0,0,0,1,0,4,0,1996530109
0,0,0,1,0,0,1,0,2,0,1996472500
1,2,1,0,1,1,0,2,10,1,1996472500
0,2,0,1,0,1,1,2,10,1,1996159086
0,1,0,0,1,0,0,0,3,0,1996159086
0,2,0,1,0,1,1,2,10,1,1995528607
3,3,1,0,1,0,0,0,8,0,1995528607
1,3,1,1,1,1,1,1,7,1,1995503687
0,0,0,0,0,0,0,0,0,0,1995503687
0,2,0,1,1,1,0,1,5,1,1995481334
0,0,0,0,0,0,1,0,2,0,1995481334
0,1,0,1,1,1,1,1,6,1,1995443288
0,0,0,0,0,0,0,0,1,0,1995443288
0,0,0,1,0,0,0,0,2,0,1995413495
1,3,1,0,1,1,1,1,9,1,1995413495
1,2,1,1,1,1,1,3,11,1,1995317706
0,0,0,0,0,0,0,0,0,0,1995317706
0,4,0,1,1,1,1,1,7,0,1995261690
2,1,1,0,0,0,0,1,9,1,1995261690
1,2,1,1,0,1,1,2,10,1,1992499286
0,1,0,0,1,0,0,0,0,0,1992499286
0,1,0,1,0,0,0,0,4,0,1992480342
1,2,1,0,1,1,1,2,10,1,1992480342
0,1,0,0,0,0,0,0,3,0,1992270359
1,3,1,1,1,1,1,2,9,1,1992270359
0,1,0,0,0,0,0,0,6,0,1992214928
1,2,1,1,1,1,1,1,5,1,1992214928
0,0,0,1,0,1,1,2,9,1,1991260209
0,0,0,0,0,0,0,0,0,0,1991260209
1,4,0,0,1,0,0,1,8,0,1990814317
3,2,1,1,0,1,1,3,10,1,1990814317
0,2,0,1,1,0,0,0,5,1,1990129625
0,0,0,0,0,0,1,0,3,0,1990129625
2,5,1,1,1,1,0,2,10,1,1990099393
0,0,0,0,0,0,1,0,3,0,1990099393
0,2,0,1,0,1,1,1,10,1,1989917061
0,1,0,0,1,0,0,0,2,0,1989917061
0,2,0,1,1,1,1,1,8,1,1989876785
0,0,0,0,0,0,0,0,1,0,1989876785
0,1,0,1,0,1,1,1,8,1,1989838668
0,1,0,0,1,0,0,0,1,0,1989838668
0,0,0,0,0,0,0,0,1,0,1989820377
0,2,0,1,1,0,1,0,6,1,1989820377
0,1,0,0,1,0,0,0,0,0,1989747773
1,1,1,1,0,0,1,0,7,1,1989747773
1,3,0,1,1,1,0,1,8,1,1989696424
1,0,1,0,0,0,1,0,7,0,1989696424
0,0,0,1,0,0,0,0,1,0,1995167271
0,3,0,0,1,1,1,2,9,1,1995167271
1,1,1,1,0,1,1,1,8,1,1993493137
0,2,0,0,1,0,0,0,5,0,1993493137
0,0,0,0,0,0,0,0,1,0,1995614343
1,2,1,1,1,0,1,0,4,1,1995614343
0,0,0,0,0,0,0,0,1,0,1990148467
0,1,0,1,1,1,1,1,7,1,1990148467
0,3,0,1,1,1,1,1,6,1,1996640910
0,0,0,0,0,0,0,0,0,0,1996640910
0,1,0,0,1,0,0,0,4,0,1996604273
1,1,1,1,0,1,1,1,8,1,1996604273
0,1,0,1,0,0,0,0,3,0,1996549209
2,2,1,0,1,1,1,2,9,1,1996549209
0,0,0,0,0,0,0,0,0,0,1996558580
0,2,0,1,1,0,1,0,4,1,1996558580
0,3,0,1,0,1,1,1,7,0,1996474873
2,2,1,0,1,0,0,1,7,1,1996474873
0,1,0,0,1,1,0,2,11,1,1996126000
0,2,0,1,0,0,1,0,4,0,1996126000
0,0,0,0,0,0,0,0,1,0,1996103671
1,3,1,1,1,1,1,2,10,1,1996103671
1,2,1,0,1,1,1,1,8,1,1995985018
0,0,0,1,0,0,0,0,0,0,1995985018
0,0,0,1,0,0,0,0,2,0,1995876594
1,2,1,0,1,0,1,0,4,1,1995876594
0,2,0,1,1,1,1,1,6,1,1995860191
0,0,0,0,0,0,0,0,0,0,1995860191
0,0,0,1,0,0,0,0,0,0,1995807124
0,1,0,0,1,0,1,0,5,1,1995807124
0,1,0,1,1,0,1,0,2,0,1994526984
1,2,1,0,0,0,0,0,5,1,1994526984
1,0,1,1,0,1,0,1,7,1,1994510464
0,2,0,0,1,0,1,0,2,0,1994510464
0,1,0,1,0,0,0,0,4,0,1994480097
1,2,1,0,1,1,1,1,9,1,1994480097
0,2,0,1,1,0,1,0,6,1,1994424119
0,0,0,0,0,0,0,0,0,0,1994424119
2,3,1,0,0,1,0,3,10,1,1993572249
0,1,0,1,1,0,1,0,3,0,1993572249
1,1,1,0,1,1,1,3,11,1,1993454347
0,0,0,1,0,0,0,0,2,0,1993454347
1,0,1,0,0,0,0,0,2,0,1993393279
0,2,0,1,1,1,1,1,9,1,1993393279
1,1,1,1,0,0,0,1,8,1,1993245291
1,4,0,0,1,1,1,1,6,0,1993245291
0,2,0,1,0,1,0,1,7,1,1993045753
2,2,1,0,1,0,1,0,7,0,1993045753
0,1,0,0,0,0,0,0,3,0,1991700678
1,1,1,1,1,1,1,2,9,1,1991700678
0,0,0,1,0,0,0,0,3,0,1991646854
1,3,1,0,1,1,1,2,10,1,1991646854
0,0,0,1,0,0,0,0,1,0,1991619560
0,2,0,0,1,0,1,0,6,1,1991619560
1,1,1,1,1,1,1,1,9,1,1990986780
0,0,0,0,0,0,0,0,1,0,1990986780
0,0,0,0,0,0,0,0,1,0,1990943642
0,2,0,1,1,1,1,2,10,1,1990943642
0,0,0,0,0,0,0,0,3,0,1990895956
1,2,1,1,1,1,1,1,8,1,1990895956
1,2,1,0,1,1,0,1,7,1,1990793291
0,0,0,1,0,0,1,0,2,0,1990793291
1,2,1,1,1,0,1,0,6,1,1990764587
0,0,0,0,0,0,0,0,1,0,1990764587
0,1,0,0,1,0,1,0,3,0,1990731634
0,1,0,1,0,0,0,0,3,1,1990731634
0,2,0,0,0,0,0,1,7,0,1990679824
3,3,1,1,1,1,1,3,9,1,1990679824
2,3,1,1,1,1,1,4,11,1,1989557852
0,0,0,0,0,0,0,0,4,0,1989557852
3,1,1,1,0,1,1,4,11,1,1991601209
0,4,0,0,1,0,0,0,4,0,1991601209
0,0,0,0,0,0,0,0,1,0,1995688483
0,1,0,1,1,1,1,1,7,1,1995688483
0,1,0,0,0,1,0,1,5,0,1990087357
2,2,1,1,1,0,1,1,9,1,1990087357
0,1,0,1,1,1,1,1,6,1,1991087627
0,0,0,0,0,0,0,0,0,0,1991087627
0,0,0,0,0,0,0,0,2,0,1991075035
1,4,1,1,1,1,1,3,10,1,1991075035
0,2,0,1,1,1,1,1,7,1,1991054668
0,1,0,0,0,0,0,0,0,0,1991054668
1,2,1,0,0,0,0,1,9,1,1991013901
1,4,0,1,1,1,1,3,7,0,1991013901
1,2,1,0,0,1,0,1,9,1,1990972609
0,2,0,1,1,0,1,0,4,0,1990972609
0,2,0,1,1,0,0,0,2,0,1995901889
1,2,1,0,0,1,1,3,10,1,1995901889
1,1,1,0,0,0,0,0,4,0,1995389219
1,3,0,1,1,1,1,2,10,1,1995389219
1,1,1,0,0,1,0,1,7,1,1990863761
0,3,0,1,1,0,1,0,3,0,1990863761
1,3,1,0,1,1,1,1,9,1,1989973662
0,0,0,1,0,0,0,0,4,0,1989973662
0,3,0,1,1,1,1,1,9,1,1994199537
0,0,0,0,0,0,0,0,1,0,1994199537
0,2,0,1,1,1,1,4,11,1,1994184687
1,0,1,0,0,0,0,0,0,0,1994184687
0,1,0,0,0,0,0,0,2,0,1994157134
1,1,1,1,1,1,1,1,6,1,1994157134
0,1,0,0,1,0,1,0,3,0,1994144823
0,0,0,1,0,0,0,0,5,1,1994144823
0,1,0,1,1,1,1,1,7,1,1994124817
0,0,0,0,0,0,0,0,1,0,1994124817
0,0,0,0,0,0,0,0,0,0,1994155467
0,3,0,1,1,1,1,1,6,1,1994155467
0,1,0,0,1,0,0,0,2,0,1989992822
0,1,0,1,0,0,1,0,5,1,1989992822
0,0,0,0,0,0,0,0,2,0,1989980423
0,2,0,1,1,1,1,1,7,1,1989980423
0,0,0,0,0,0,0,0,1,0,1989961211
0,2,0,1,1,1,1,1,6,1,1989961211
1,2,1,1,1,0,1,0,5,1,1989925622
0,1,0,0,0,0,0,0,0,0,1989925622
2,2,1,1,1,1,0,2,9,1,1989900522
0,0,0,0,0,0,1,0,4,0,1989900522
0,0,0,0,0,0,1,0,4,0,1989870433
1,2,1,1,1,1,0,1,7,1,1989870433
1,2,1,0,0,1,1,1,8,1,1994536566
0,2,0,1,1,0,0,0,3,0,1994536566
0,0,0,0,0,0,0,0,1,0,1994490649
0,1,0,1,1,1,1,1,5,1,1994490649
1,0,1,1,0,1,1,1,9,1,1994195979
0,2,0,0,1,0,0,0,1,0,1994195979
1,1,1,1,1,1,1,1,8,1,1993516887
0,0,0,0,0,0,0,0,2,0,1993516887
1,2,1,0,0,1,1,3,11,1,1992534871
0,1,0,1,1,0,0,0,3,0,1992534871
1,2,1,1,1,1,1,1,9,1,1992493781
0,0,0,0,0,0,0,0,3,0,1992493781
0,1,0,1,0,0,1,0,2,0,1992375829
1,2,1,0,1,1,0,3,11,1,1992375829
0,1,0,0,0,0,1,0,3,0,1991834773
1,2,1,1,1,1,0,1,7,1,1991834773
0,0,0,0,0,0,0,0,2,0,1991758975
1,2,1,1,1,1,1,2,9,1,1991758975
1,3,1,1,1,1,1,1,8,1,1991591475
0,0,0,0,0,0,0,0,1,0,1991591475
0,1,0,1,1,0,0,0,5,1,1991484996
0,0,0,0,0,0,1,0,1,0,1991484996
0,2,0,0,0,0,1,0,4,0,1991094100
2,1,1,1,1,1,0,1,8,1,1991094100
1,4,1,1,1,1,1,2,10,1,1990680206
0,0,0,0,0,0,0,0,2,0,1990680206
1,1,1,1,0,1,1,4,11,1,1990041454
0,2,0,0,1,0,0,0,3,0,1990041454
0,0,0,1,0,0,0,0,0,0,1990019024
0,2,0,0,1,1,1,1,9,1,1990019024
1,2,1,1,1,0,1,0,5,0,1990022856
3,4,0,0,0,1,0,2,9,1,1990022856
0,1,0,1,0,0,1,0,4,0,1990003999
1,2,1,0,1,1,0,3,10,1,1990003999
0,0,0,0,0,0,0,0,1,0,1992173456
0,2,0,1,1,1,1,1,6,1,1992173456
0,1,0,1,1,1,1,1,7,1,1992779318
0,0,0,0,0,0,0,0,1,0,1992779318
0,1,0,1,1,0,1,0,2,0,1992512572
1,2,1,0,0,1,0,2,10,1,1992512572
1,1,1,0,1,0,0,0,3,0,1992414997
1,3,0,1,0,1,1,2,10,1,1992414997
0,0,0,0,0,0,0,0,1,0,1992333623
0,2,0,1,1,1,1,2,10,1,1992333623
0,1,0,1,0,0,1,0,4,0,1992282576
1,1,1,0,1,1,0,3,11,1,1992282576
0,1,0,0,0,0,0,0,2,0,1992255255
1,2,1,1,1,1,1,2,9,1,1992255255
0,0,0,0,0,0,0,0,0,0,1992235514
0,1,0,1,1,1,1,1,9,1,1992235514
1,2,1,0,1,1,1,3,11,1,1992222249
0,2,0,1,0,0,0,0,4,0,1992222249
1,2,1,0,1,1,0,1,6,1,1991359323
0,2,0,1,0,0,1,0,3,0,1991359323
0,1,0,0,1,0,0,0,2,0,1991352228
0,1,0,1,0,1,1,1,9,1,1991352228
1,3,1,1,1,1,1,2,8,1,1991332013
0,0,0,0,0,0,0,0,1,0,1991332013
0,1,0,0,1,1,1,1,8,1,1991304727
0,0,0,1,0,0,0,0,0,0,1991304727
1,1,1,0,0,1,1,1,6,1,1990521079
0,1,0,1,1,0,0,0,2,0,1990521079
0,0,0,1,0,1,1,1,7,1,1990369713
0,0,0,0,0,0,0,0,0,0,1990369713
0,0,0,0,0,0,0,0,0,0,1990335226
0,1,0,1,1,1,1,1,6,1,1990335226
1,3,1,1,1,1,1,2,11,1,1990257896
0,0,0,0,0,0,0,0,1,0,1990257896
0,1,0,0,1,0,0,0,1,0,1990231951
1,0,1,1,0,1,1,1,8,1,1990231951
0,3,0,1,0,1,1,2,6,1,1990176267
1,1,1,0,1,0,0,0,2,0,1990176267
0,1,0,1,1,0,0,0,3,1,1990151980
0,0,0,0,0,0,1,0,1,0,1990151980
0,0,0,0,0,0,0,0,0,0,1990125895
0,2,0,1,1,0,1,0,4,1,1990125895
2,1,1,1,0,0,0,1,7,1,1989933614
0,3,0,0,1,1,1,1,6,0,1989933614
0,3,0,1,1,1,1,2,11,1,1989890827
1,0,1,0,0,0,0,0,1,0,1989890827
1,3,1,1,1,1,1,2,9,1,1989846799
0,0,0,0,0,0,0,0,2,0,1989846799
0,2,0,1,1,1,1,2,9,1,1989823934
0,0,0,0,0,0,0,0,1,0,1989823934
0,0,0,0,0,0,1,0,2,0,1989792694
1,2,1,1,1,1,0,1,7,1,1989792694
0,0,0,0,0,0,0,0,1,0,1989753580
0,0,0,1,0,1,1,1,6,1,1989753580
0,1,0,0,0,0,1,0,3,0,1990228384
1,2,1,1,1,1,0,1,7,1,1990228384
0,1,0,1,1,1,0,1,8,1,1995921326
0,0,0,0,0,0,1,0,1,0,1995921326
0,1,0,0,0,0,0,0,3,0,1995866632
1,3,1,1,1,1,1,1,9,1,1995866632
1,2,1,1,0,1,1,1,9,1,1995729750
0,1,0,0,1,0,0,0,1,0,1995729750
2,2,1,1,1,0,1,0,4,0,1992791409
0,1,0,0,0,1,0,2,8,1,1992791409
0,0,0,0,0,0,0,0,1,0,1991280445
0,1,0,1,1,1,1,1,7,1,1991280445
1,2,1,1,1,1,1,1,7,1,1991249267
0,0,0,0,0,0,0,0,1,0,1991249267
1,1,1,1,0,1,0,2,8,1,1994250682
0,2,0,0,1,0,1,0,5,0,1994250682
1,0,1,1,0,0,0,0,5,0,1990197763
0,4,0,0,1,0,1,0,6,1,1990197763
1,1,1,0,0,0,1,0,3,0,1994348768
0,2,0,1,1,1,0,2,10,1,1994348768
0,2,0,0,1,1,1,1,5,1,1994313424
0,0,0,1,0,0,0,0,3,0,1994313424
1,1,1,0,0,1,1,2,10,1,1992154127
0,2,0,1,1,0,0,0,2,0,1992154127
0,2,0,1,0,0,0,3,8,0,1994923620
2,4,1,0,1,1,1,2,9,1,1994923620
1,2,0,1,0,1,1,1,7,0,1994793864
2,3,1,0,1,0,0,2,9,1,1994793864
2,3,1,1,1,0,1,0,6,0,1994159755
0,2,0,0,0,1,0,1,7,1,1994159755
0,0,0,0,0,0,0,0,1,0,1994133328
0,2,0,1,1,0,1,0,5,1,1994133328
1,1,1,0,0,1,1,2,8,1,1992567682
0,2,0,1,1,0,0,0,2,0,1992567682
0,0,0,1,0,0,0,0,1,0,1991294338
0,2,0,0,1,0,1,0,5,1,1991294338
1,3,1,1,1,0,0,0,5,1,1991056956
0,0,0,0,0,0,1,0,3,0,1991056956
0,1,0,1,1,1,0,1,7,1,1989682790
0,0,0,0,0,0,1,0,2,0,1989682790
0,3,0,1,1,0,1,0,4,0,1995404097
2,2,1,0,0,1,0,4,11,1,1995404097
1,1,1,0,1,0,1,0,1,0,1994777721
0,2,0,1,0,1,0,2,11,1,1994777721
1,4,1,1,1,1,0,5,10,0,1992890013
2,2,0,0,0,0,1,2,8,1,1992890013
1,5,1,1,1,0,0,0,8,0,1995574026
2,0,0,0,0,1,1,2,8,1,1995574026
0,0,0,0,0,0,0,0,0,0,1995308582
1,2,1,1,1,1,1,1,9,1,1995308582
0,1,0,1,0,0,1,0,3,0,1994771642
2,3,1,0,1,1,0,2,10,1,1994771642
0,0,0,0,0,0,0,0,0,0,1996618600
1,2,1,1,1,1,1,3,11,1,1996618600
0,0,0,1,0,0,1,0,4,0,1995925347
2,5,1,0,1,1,0,3,10,1,1995925347
0,0,0,1,0,0,0,0,1,0,1994554859
1,3,1,0,1,1,1,3,11,1,1994554859
0,1,0,1,1,0,0,0,4,0,1993608209
1,1,1,0,0,0,1,0,4,1,1993608209
0,1,0,0,1,0,1,0,4,1,1992719791
0,1,0,1,0,0,0,0,2,0,1992719791
0,1,0,1,1,0,1,0,5,1,1992874924
0,0,0,0,0,0,0,0,1,0,1992874924
0,0,0,0,0,0,0,0,1,0,1992839113
1,3,1,1,1,1,1,2,10,1,1992839113
2,1,1,1,0,1,1,2,10,1,1992840470
0,3,0,0,1,0,0,0,2,0,1992840470
0,0,0,1,0,0,0,0,3,0,1992815252
1,3,1,0,1,1,1,2,9,1,1992815252
1,1,1,0,0,0,0,0,3,0,1991189252
1,4,0,1,1,1,1,1,8,1,1991189252
0,3,0,1,1,1,1,1,6,0,1990786174
2,0,1,0,0,0,0,1,7,1,1990786174
1,1,1,0,1,1,1,1,9,1,1990247615
0,0,0,1,0,0,0,0,0,0,1990247615
0,2,0,0,1,0,1,0,3,0,1996681798
2,1,1,1,0,1,0,3,10,1,1996681798
0,1,0,0,1,0,1,0,4,1,1996670336
0,0,0,1,0,0,0,0,0,0,1996670336
0,1,0,0,1,0,0,0,1,0,1996564054
0,1,0,1,0,0,1,0,3,1,1996564054
0,1,0,1,0,0,1,0,4,0,1996528885
0,2,0,0,1,1,0,3,10,1,1996528885
1,1,1,0,1,0,0,0,4,0,1992655628
0,3,0,1,0,1,1,1,9,1,1992655628
0,2,0,0,1,0,0,0,1,0,1992650631
0,1,0,1,0,0,1,0,3,1,1992650631
1,4,1,0,0,1,0,2,9,1,1992587551
0,1,0,1,1,0,1,0,4,0,1992587551
0,1,0,1,1,0,1,0,4,0,1992557426
1,3,1,0,0,1,0,1,7,1,1992557426
0,1,0,0,0,0,0,0,3,0,1992526484
1,3,1,1,1,1,1,3,11,1,1992526484
1,2,1,0,0,0,0,0,8,1,1991626953
0,1,0,1,1,0,1,0,4,0,1991626953
0,2,0,1,1,1,1,1,7,1,1989998730
0,0,0,0,0,0,0,0,0,0,1989998730
0,0,0,0,0,0,1,0,2,0,1989994328
0,4,0,1,1,1,0,2,7,1,1989994328
0,1,0,1,0,0,1,0,4,0,1989963074
2,2,1,0,1,0,0,0,6,1,1989963074
0,1,0,0,0,0,0,0,3,0,1989928006
1,2,1,1,1,1,1,1,9,1,1989928006
0,0,0,0,0,0,0,0,1,0,1989930071
0,2,0,1,1,0,1,0,3,1,1989930071
0,0,0,1,0,0,0,0,1,0,1992433088
0,0,0,0,0,1,1,1,7,1,1992433088
0,0,0,1,0,0,0,0,3,0,1992412221
0,0,0,0,0,1,1,1,7,1,1992412221
1,2,1,1,0,0,1,0,5,0,1993514635
1,3,0,0,1,1,0,1,8,1,1993514635
0,1,0,1,0,0,1,0,4,0,1993473610
0,2,0,0,1,1,0,2,9,1,1993473610
1,1,0,0,0,1,1,1,8,1,1994088427
1,3,1,1,1,0,0,0,5,0,1994088427
0,0,0,0,0,0,0,0,1,0,1992337703
1,2,1,1,1,1,1,2,11,1,1992337703
1,1,1,1,0,1,1,1,7,1,1992309627
0,2,0,0,1,0,0,0,2,0,1992309627
1,2,1,1,0,1,0,1,8,1,1992277353
0,2,0,0,1,0,1,0,4,0,1992277353
0,1,0,1,1,1,1,1,6,0,1992192901
1,2,1,0,0,0,0,1,7,1,1992192901
0,0,0,0,0,0,1,0,4,0,1992122598
1,4,1,1,1,1,0,2,9,1,1992122598
0,3,0,0,0,0,0,0,3,0,1991246957
2,3,1,1,1,1,1,6,11,1,1991246957
1,2,1,0,0,0,1,0,5,0,1990819099
2,3,0,1,1,1,0,2,8,1,1990819099
0,1,0,0,1,0,0,0,3,0,1990778994
1,2,1,1,0,1,1,2,10,1,1990778994
1,5,0,1,1,1,1,2,9,1,1990697805
1,0,1,0,0,0,0,0,2,0,1990697805
0,0,0,1,0,1,1,1,6,1,1990678641
0,0,0,0,0,0,0,0,2,0,1990678641
0,0,0,0,0,0,0,0,0,0,1990610275
1,3,1,1,1,0,1,0,6,1,1990610275
0,0,0,0,0,0,0,0,3,0,1990449426
1,4,1,1,1,1,1,1,7,1,1990449426
2,3,1,1,1,1,1,4,11,1,1990337729
0,1,0,0,0,0,0,0,3,0,1990337729
1,1,0,0,0,1,0,3,10,1,1990227165
1,2,1,1,1,0,1,0,5,0,1990227165
0,2,0,1,0,1,0,1,6,1,1990166179
0,2,0,0,1,0,1,0,2,0,1990166179
2,2,1,1,1,1,1,2,7,1,1990137528
0,1,0,0,0,0,0,0,4,0,1990137528
0,0,0,0,0,0,0,0,0,0,1990127168
1,2,1,1,1,0,1,0,5,1,1990127168
0,0,0,1,0,1,1,1,5,1,1990111463
0,0,0,0,0,0,0,0,1,0,1990111463
0,0,0,1,0,0,0,0,6,0,1990094869
2,4,1,0,1,1,1,1,8,1,1990094869
0,2,0,0,0,0,0,0,2,0,1990068931
3,4,1,1,1,1,1,3,11,1,1990068931
0,0,0,0,0,0,0,0,2,0,1990070183
1,3,1,1,1,1,1,1,8,1,1990070183
0,0,0,0,0,0,1,0,6,1,1993798434
0,1,0,1,1,0,0,0,3,0,1993798434
1,2,1,0,1,1,1,2,8,1,1993796250
0,1,0,1,0,0,0,0,3,0,1993796250
0,0,0,0,0,0,0,0,0,0,1993906013
0,1,0,1,1,0,1,0,5,1,1993906013
2,0,1,0,0,0,0,0,4,0,1993673117
0,3,0,1,1,1,1,1,8,1,1993673117
1,2,1,0,0,0,0,0,6,0,1993631707
1,2,0,1,1,1,1,1,8,1,1993631707
0,0,0,0,0,0,1,0,4,0,1989637568
1,3,1,1,1,1,0,1,7,1,1989637568
0,2,0,1,1,1,1,1,8,1,1989559184
1,0,1,0,0,0,0,0,3,0,1989559184
0,0,0,0,0,0,0,0,0,0,1990064386
0,2,0,1,1,1,1,1,8,1,1990064386
0,0,0,0,0,0,1,0,2,0,1989626037
0,3,0,1,1,1,0,1,9,1,1989626037
1,1,0,0,1,1,1,1,9,1,1990672267
2,3,1,1,0,0,0,0,7,0,1990672267
0,2,0,0,1,0,0,0,1,0,1990339732
1,1,1,1,0,1,1,3,11,1,1990339732
0,0,0,1,0,0,0,0,1,0,1994048245
1,2,1,0,1,1,1,3,10,1,1994048245
1,3,1,1,1,0,1,0,5,1,1994042253
0,0,0,0,0,0,0,0,2,0,1994042253
0,0,0,0,0,0,1,0,1,0,1992341491
1,2,1,1,1,0,0,0,5,1,1992341491
0,0,0,0,0,0,0,0,1,0,1992192391
0,1,0,1,1,1,1,1,6,1,1992192391
0,0,0,1,0,0,0,0,3,0,1991192689
1,3,1,0,1,1,1,5,9,1,1991192689
0,1,0,1,0,1,1,1,10,1,1995946627
1,2,1,0,1,0,0,0,4,0,1995946627
0,1,0,0,0,0,0,0,1,0,1995821583
1,1,1,1,1,1,1,1,6,1,1995821583
0,1,0,0,1,0,0,0,1,0,1994302536
1,1,1,1,0,0,1,0,6,1,1994302536
1,1,0,0,0,0,1,3,11,1,1991652937
2,3,1,1,1,1,0,2,9,0,1991652937
0,0,0,0,0,0,0,0,6,0,1995299876
1,3,1,1,1,1,1,1,7,1,1995299876
2,2,1,0,1,0,0,1,7,1,1994375305
0,1,0,1,0,1,1,1,7,0,1994375305
1,2,1,1,1,0,1,0,3,1,1994304781
0,0,0,0,0,0,0,0,3,0,1994304781
0,0,0,0,0,0,1,0,4,0,1994267371
1,3,1,1,1,1,0,1,7,1,1994267371
0,2,0,1,1,0,0,0,3,0,1991672376
1,2,1,0,0,1,1,4,10,1,1991672376
0,2,0,1,1,0,1,0,5,1,1991570698
0,0,0,0,0,0,0,0,1,0,1991570698
0,0,0,0,0,0,0,0,1,0,1993025685
0,0,0,1,0,0,1,0,2,1,1993025685
0,0,0,1,0,0,0,0,2,0,1993527110
0,0,0,0,0,0,1,0,5,1,1993527110
0,0,0,0,0,0,0,0,1,0,1993506007
0,0,0,1,0,1,1,1,6,1,1993506007
1,1,1,1,0,0,0,0,1,0,1996590207
0,2,0,0,1,1,1,1,7,1,1996590207
2,1,1,0,0,1,0,2,9,1,1995592206
0,2,0,1,1,0,1,0,4,0,1995592206
0,2,0,1,1,1,0,1,6,1,1995004535
0,0,0,0,0,0,1,0,1,0,1995004535
0,0,0,0,0,0,0,0,2,0,1994455627
0,2,0,1,1,1,1,2,11,1,1994455627
1,2,1,0,0,1,1,1,8,1,1990191873
0,1,0,1,1,0,0,0,2,0,1990191873
0,1,0,1,0,0,0,0,3,0,1995338504
1,2,1,0,1,1,1,1,6,1,1995338504
1,0,1,0,0,0,0,0,2,0,1995297772
1,4,0,1,1,1,1,5,11,1,1995297772
0,3,0,1,1,0,1,0,5,0,1993614127
1,0,1,0,0,1,0,1,9,1,1993614127
0,1,0,1,0,0,0,0,5,0,1992635893
1,3,1,0,1,1,1,3,11,1,1992635893
0,1,0,1,1,1,1,1,7,1,1992605119
0,0,0,0,0,0,0,0,1,0,1992605119
0,1,0,0,0,1,1,1,7,1,1991026134
0,2,0,1,1,0,0,0,1,0,1991026134
0,0,0,0,0,1,0,1,5,0,1989935591
2,4,1,1,1,0,1,1,9,1,1989935591
1,1,1,0,1,1,1,1,8,1,1989820471
0,3,0,1,0,0,0,0,4,0,1989820471
0,0,0,0,0,0,0,0,0,0,1989790853
0,1,0,1,1,1,1,1,7,1,1989790853
1,2,1,0,1,0,1,0,3,0,1992950267
0,2,0,1,0,0,0,0,7,1,1992950267
2,1,1,1,0,1,1,1,9,1,1992427623
0,2,0,0,1,0,0,0,3,0,1992427623
0,0,0,1,0,0,0,0,1,0,1992317473
0,1,0,0,1,0,1,0,5,1,1992317473
